{
  "level": {
    "name": "Triangles are dangerous"
  },
  "background": {
    "image": null
  },
  "unicorns": {
    "unicorn1": {
      "x": 95.52005563914044,
      "y": 8.001107141059833
    },
    "unicorn2": {
      "x": 4.1585999375479,
      "y": 7.485783302299829
    }
  },
  "platforms": [],
  "trees": [],
  "clouds": [],
  "white_items": [],
  "black_items": [],
  "triangles": [
    {
      "x": 16.372668691628583,
      "y": 10.154496502440745,
      "size": 5,
      "color": [
        219,
        61,
        70
      ]
    },
    {
      "x": 80.17827234791494,
      "y": 10.669820341200749,
      "size": 5,
      "color": [
        219,
        61,
        70
      ]
    }
  ],
  "swamps": [],
  "rainbow": {
    "x": 61.244499957419016,
    "y": 23.5529163102008,
    "width": 18,
    "height": 21
  },
  "texts": [
    {
      "x": 6.323181848875685,
      "y": 45.27669088876466,
      "text": "Watch out for triangles - they are dangerous",
      "fontSize": 42,
      "textColor": [
        0,
        0,
        0
      ],
      "canStandOn": false
    }
  ]
}