{
  "level": {
    "name": "Get into the rainbow 🌈"
  },
  "background": {
    "image": null
  },
  "unicorns": {
    "unicorn1": {
      "x": 97.66760705108624,
      "y": 5.026261340124134
    },
    "unicorn2": {
      "x": 2.330596036010144,
      "y": 5.2299856756326655
    }
  },
  "platforms": [],
  "trees": [],
  "clouds": [],
  "white_items": [],
  "black_items": [],
  "triangles": [],
  "swamps": [],
  "texts": [
    {
      "x": 2.905608165172233,
      "y": 41.900366067165365,
      "text": "Both unicorns should get into the rainbow!",
      "fontSize": 48,
      "textColor": [
        166,
        0,
        255
      ],
      "canStandOn": false
    }
  ],
  "rainbow": {
    "x": 69.8370199996406,
    "y": 32.52904663377368,
    "width": 40,
    "height": 30
  }
}