{
  "level": {
    "name": "Swamps are dangerous"
  },
  "background": {
    "image": null
  },
  "unicorns": {
    "unicorn1": {
      "x": 95.52005563914044,
      "y": 8.001107141059833
    },
    "unicorn2": {
      "x": 4.1585999375479,
      "y": 7.485783302299829
    }
  },
  "platforms": [],
  "trees": [],
  "clouds": [],
  "white_items": [],
  "black_items": [],
  "triangles": [],
  "swamps": [
    {
      "x": 13.007405406622095,
      "y": 5.6184620298650465,
      "width": 10,
      "height": 4,
      "color": [
        155,
        105,
        105
      ]
    },
    {
      "x": 69.70806041371237,
      "y": 6.027309750059891,
      "width": 10,
      "height": 4,
      "color": [
        155,
        105,
        105
      ]
    }
  ],
  "rainbow": {
    "x": 61.244499957419016,
    "y": 23.5529163102008,
    "width": 18,
    "height": 21
  },
  "texts": [
    {
      "x": 6.323181848875685,
      "y": 45.27669088876466,
      "text": "Watch out for swamps - they are dangerous",
      "fontSize": 42,
      "textColor": [
        0,
        0,
        0
      ],
      "canStandOn": false
    }
  ]
}